Workbook

Sheet 00 · Hướng dẫn đọc
A1: PHỤ LỤC MA TRẬN YÊU CẦU
A2: TỔ CHỨC MẪU · KH-2026-00-MAU · v1 · 2026-07-28
A3: MẬT — chỉ lưu hành giữa hai bên
A5: Quý vị cần làm gì với tệp này
A6: Sheet 01 · Danh mục Yêu cầu | B6: Rà từng dòng. Ghi nhận xét vào cột “Ý kiến của Quý vị” và chọn ở cột “Kết luận”.
A7: Sheet 02 · Chốt ưu tiên | B7: Bảng đếm tự động theo lựa chọn ở sheet 01 — không cần nhập tay.
A8: Sheet 03 · Khoảng trống | B8: Những yêu cầu nền tảng chưa đáp ứng ngay và phương án đề xuất.
A9: Sheet 04 · Kiến trúc Tác vụ | B9: Bổ sung danh mục công việc của từng phòng, mỗi tác vụ gắn một mã chỉ số.
A10: Sheet 05 · Hệ nguồn dữ liệu | B10: Xác nhận hệ thống nào cung cấp số liệu và ai là chủ sở hữu.
A11: Sheet 06 · Câu hỏi mở | B11: Trả lời trực tiếp vào cột dành riêng.
A13: Chú giải mức ưu tiên
A14: Bắt buộc | B14: Thiếu hạng mục này thì hệ thống không dùng được cho nghiệp vụ
A15: Nên có | B15: Quan trọng, có thể lùi sang đợt sau mà nghiệp vụ vẫn chạy
A16: Có thì tốt | B16: Làm nếu còn nguồn lực
A17: Đợt sau | B17: Hai bên thống nhất chưa làm lần này
A19: Chú giải mức đáp ứng
A20: Sẵn sàng | B20: Dùng được ngay sau khi khởi tạo hệ thống
A21: Sẵn sàng — cần kích hoạt | B21: Đã có sẵn, chờ Quý tổ chức cung cấp hạ tầng hoặc quyền truy cập
A22: Đáp ứng bằng cấu hình | B22: Thiết lập theo đặc thù của Quý tổ chức, không sửa mã nguồn
A23: Cần phát triển | B23: Cần bổ sung; nguồn lực nêu ở Đề xuất giải pháp
A24: Ngoài phạm vi đợt này | B24: Không nằm trong cam kết lần này

Sheet 01 · Danh mục Yêu cầu
A1: Mã | B1: Phân hệ | C1: Tiêu đề | D1: Phát biểu yêu cầu | E1: Tiêu chí chấp nhận | F1: Ưu tiên | G1: Mức đáp ứng | H1: Khoảng trống | I1: Ý kiến của Quý vị | J1: Kết luận
A2: BR-E-01 | B2: E · Khung KPI | C2: KPI cấu trúc cha–con | D2: Hệ thống phải cho phép định nghĩa KPI tổng hợp từ hai KPI thành phần trở lên, mỗi thành phần có trọng số riêng và tổng trọng số bằng 100%. | E2: Dựng lại đúng chỉ số tổng hợp trong tài liệu BC-02 và điểm tính ra khớp bảng tính hiện hành với sai số ≤ 0,5 điểm. | F2: Bắt buộc | G2: Sẵn sàng
A3: BR-F-02 | B3: F · Chu trình đánh giá | C3: Bước cân chỉnh có ghi lý do | D3: Hệ thống phải có bước cân chỉnh cho phép so sánh kết quả giữa các quản lý trước khi chốt, và mọi điều chỉnh điểm phải kèm lý do được lưu vết. | E3: Chạy thử một kỳ với 2 phòng: mọi thay đổi điểm tại bước cân chỉnh đều có lý do đính kèm và truy xuất lại được. | F3: Bắt buộc | G3: Sẵn sàng
A4: BR-G-01 | B4: G · Kiến trúc tác vụ | C4: Tác vụ bắt buộc gắn chỉ số | D4: Hệ thống phải chặn việc đưa một tác vụ vào sử dụng khi tác vụ đó chưa gắn với một chỉ số đo lường có thật trong Từ điển KPI. | E4: Thử kích hoạt một tác vụ chưa gắn chỉ số: hệ thống từ chối và nêu rõ lý do. | F4: Bắt buộc | G4: Sẵn sàng
A5: BR-G-02 | B5: G · Kiến trúc tác vụ | C5: Vòng lặp tối ưu tác vụ | D5: Hệ thống phải cho phép trưởng phòng uỷ quyền cho nhân viên soạn tác vụ, tiếp nhận góp ý từ người làm thật, mở lại để sửa và duyệt thành phiên bản mới, giữ nguyên lịch sử các phiên bản. | E5: Chạy trọn một vòng trên một tác vụ thật: góp ý → mở lại → sửa → duyệt → phiên bản 2, và so sánh được hai phiên bản. | F5: Nên có | G5: Sẵn sàng
A6: BR-L-03 | B6: L · Phi chức năng & tuân thủ | C6: Đăng nhập một lần bằng tài khoản tổ chức | D6: Hệ thống phải cho phép người dùng đăng nhập bằng chính tài khoản Microsoft của tổ chức, không tạo mật khẩu riêng. | E6: Người dùng đăng nhập thành công bằng tài khoản tổ chức; khoá tài khoản ở hệ định danh thì mất quyền truy cập ngay. | F6: Bắt buộc | G6: Sẵn sàng — cần kích hoạt | H6: Cần tổ chức cấp môi trường định danh và quyền đăng ký ứng dụng.
A7: BR-H-02 | B7: H · Dữ liệu & tích hợp | C7: Lấy số liệu tự động từ phần mềm kế toán | D7: Hệ thống phải lấy được số liệu thực tế của các chỉ số tài chính từ phần mềm kế toán đang dùng, theo chu kỳ tối thiểu hằng ngày. | E7: Số liệu của 5 chỉ số tài chính khớp với báo cáo gốc của phần mềm kế toán trong 3 kỳ đồng bộ liên tiếp. | F7: Bắt buộc | G7: Cần phát triển | H7: Cần viết kết nối riêng cho phần mềm kế toán; phụ thuộc việc hệ nguồn có mở giao diện kết nối hay không.
A8: BR-J-03 | B8: J · Báo cáo | C8: Xuất báo cáo trình hội đồng | D8: Hệ thống phải xuất được báo cáo kết quả kỳ ra tệp trình bày để đưa vào hồ sơ hội đồng. | E8: Xuất được báo cáo kỳ đúng mẫu do tổ chức cung cấp. | F8: Nên có | G8: Cần phát triển | H8: Bản hiện tại xem trên màn hình; xuất theo mẫu riêng cần phát triển.

Sheet 02 · Chốt ưu tiên
A1: BẢNG CHỐT ƯU TIÊN
A2: Các ô đếm tự động theo sheet 01 — Quý vị sửa cột Ưu tiên hoặc Kết luận ở sheet 01 thì số ở đây tự đổi.
A4: Phân hệ | B4: Bắt buộc | C4: Nên có | D4: Có thì tốt | E4: Đợt sau | F4: Tổng
A5: E · Khung KPI | B5: =COUNTIFS('01 · Danh mục Yêu cầu'!$B:$B,"E · *",'01 · Danh mục Yêu cầu'!$F:$F,"Bắt buộc") -> 1 | C5: =COUNTIFS('01 · Danh mục Yêu cầu'!$B:$B,"E · *",'01 · Danh mục Yêu cầu'!$F:$F,"Nên có") -> 0 | D5: =COUNTIFS('01 · Danh mục Yêu cầu'!$B:$B,"E · *",'01 · Danh mục Yêu cầu'!$F:$F,"Có thì tốt") -> 0 | E5: =COUNTIFS('01 · Danh mục Yêu cầu'!$B:$B,"E · *",'01 · Danh mục Yêu cầu'!$F:$F,"Đợt sau") -> 0 | F5: =SUM(B5:E5) -> 1
A6: F · Chu trình đánh giá | B6: =COUNTIFS('01 · Danh mục Yêu cầu'!$B:$B,"F · *",'01 · Danh mục Yêu cầu'!$F:$F,"Bắt buộc") -> 1 | C6: =COUNTIFS('01 · Danh mục Yêu cầu'!$B:$B,"F · *",'01 · Danh mục Yêu cầu'!$F:$F,"Nên có") -> 0 | D6: =COUNTIFS('01 · Danh mục Yêu cầu'!$B:$B,"F · *",'01 · Danh mục Yêu cầu'!$F:$F,"Có thì tốt") -> 0 | E6: =COUNTIFS('01 · Danh mục Yêu cầu'!$B:$B,"F · *",'01 · Danh mục Yêu cầu'!$F:$F,"Đợt sau") -> 0 | F6: =SUM(B6:E6) -> 1
A7: G · Kiến trúc tác vụ | B7: =COUNTIFS('01 · Danh mục Yêu cầu'!$B:$B,"G · *",'01 · Danh mục Yêu cầu'!$F:$F,"Bắt buộc") -> 1 | C7: =COUNTIFS('01 · Danh mục Yêu cầu'!$B:$B,"G · *",'01 · Danh mục Yêu cầu'!$F:$F,"Nên có") -> 1 | D7: =COUNTIFS('01 · Danh mục Yêu cầu'!$B:$B,"G · *",'01 · Danh mục Yêu cầu'!$F:$F,"Có thì tốt") -> 0 | E7: =COUNTIFS('01 · Danh mục Yêu cầu'!$B:$B,"G · *",'01 · Danh mục Yêu cầu'!$F:$F,"Đợt sau") -> 0 | F7: =SUM(B7:E7) -> 2
A8: H · Dữ liệu & tích hợp | B8: =COUNTIFS('01 · Danh mục Yêu cầu'!$B:$B,"H · *",'01 · Danh mục Yêu cầu'!$F:$F,"Bắt buộc") -> 1 | C8: =COUNTIFS('01 · Danh mục Yêu cầu'!$B:$B,"H · *",'01 · Danh mục Yêu cầu'!$F:$F,"Nên có") -> 0 | D8: =COUNTIFS('01 · Danh mục Yêu cầu'!$B:$B,"H · *",'01 · Danh mục Yêu cầu'!$F:$F,"Có thì tốt") -> 0 | E8: =COUNTIFS('01 · Danh mục Yêu cầu'!$B:$B,"H · *",'01 · Danh mục Yêu cầu'!$F:$F,"Đợt sau") -> 0 | F8: =SUM(B8:E8) -> 1
A9: J · Báo cáo | B9: =COUNTIFS('01 · Danh mục Yêu cầu'!$B:$B,"J · *",'01 · Danh mục Yêu cầu'!$F:$F,"Bắt buộc") -> 0 | C9: =COUNTIFS('01 · Danh mục Yêu cầu'!$B:$B,"J · *",'01 · Danh mục Yêu cầu'!$F:$F,"Nên có") -> 1 | D9: =COUNTIFS('01 · Danh mục Yêu cầu'!$B:$B,"J · *",'01 · Danh mục Yêu cầu'!$F:$F,"Có thì tốt") -> 0 | E9: =COUNTIFS('01 · Danh mục Yêu cầu'!$B:$B,"J · *",'01 · Danh mục Yêu cầu'!$F:$F,"Đợt sau") -> 0 | F9: =SUM(B9:E9) -> 1
A10: L · Phi chức năng & tuân thủ | B10: =COUNTIFS('01 · Danh mục Yêu cầu'!$B:$B,"L · *",'01 · Danh mục Yêu cầu'!$F:$F,"Bắt buộc") -> 1 | C10: =COUNTIFS('01 · Danh mục Yêu cầu'!$B:$B,"L · *",'01 · Danh mục Yêu cầu'!$F:$F,"Nên có") -> 0 | D10: =COUNTIFS('01 · Danh mục Yêu cầu'!$B:$B,"L · *",'01 · Danh mục Yêu cầu'!$F:$F,"Có thì tốt") -> 0 | E10: =COUNTIFS('01 · Danh mục Yêu cầu'!$B:$B,"L · *",'01 · Danh mục Yêu cầu'!$F:$F,"Đợt sau") -> 0 | F10: =SUM(B10:E10) -> 1
A11: TỔNG CỘNG | B11: =SUM(B5:B10) -> 5 | C11: =SUM(C5:C10) -> 2 | D11: =SUM(D5:D10) -> 0 | E11: =SUM(E5:E10) -> 0 | F11: =SUM(F5:F10) -> 7
A14: Mức đáp ứng | B14: Bắt buộc | C14: Nên có | D14: Có thì tốt | E14: Đợt sau | F14: Tổng
A15: Sẵn sàng | B15: =COUNTIFS('01 · Danh mục Yêu cầu'!$G:$G,"Sẵn sàng",'01 · Danh mục Yêu cầu'!$F:$F,"Bắt buộc") -> 3 | C15: =COUNTIFS('01 · Danh mục Yêu cầu'!$G:$G,"Sẵn sàng",'01 · Danh mục Yêu cầu'!$F:$F,"Nên có") -> 1 | D15: =COUNTIFS('01 · Danh mục Yêu cầu'!$G:$G,"Sẵn sàng",'01 · Danh mục Yêu cầu'!$F:$F,"Có thì tốt") -> 0 | E15: =COUNTIFS('01 · Danh mục Yêu cầu'!$G:$G,"Sẵn sàng",'01 · Danh mục Yêu cầu'!$F:$F,"Đợt sau") -> 0 | F15: =SUM(B15:E15) -> 4
A16: Sẵn sàng — cần kích hoạt | B16: =COUNTIFS('01 · Danh mục Yêu cầu'!$G:$G,"Sẵn sàng — cần kích hoạt",'01 · Danh mục Yêu cầu'!$F:$F,"Bắt buộc") -> 1 | C16: =COUNTIFS('01 · Danh mục Yêu cầu'!$G:$G,"Sẵn sàng — cần kích hoạt",'01 · Danh mục Yêu cầu'!$F:$F,"Nên có") -> 0 | D16: =COUNTIFS('01 · Danh mục Yêu cầu'!$G:$G,"Sẵn sàng — cần kích hoạt",'01 · Danh mục Yêu cầu'!$F:$F,"Có thì tốt") -> 0 | E16: =COUNTIFS('01 · Danh mục Yêu cầu'!$G:$G,"Sẵn sàng — cần kích hoạt",'01 · Danh mục Yêu cầu'!$F:$F,"Đợt sau") -> 0 | F16: =SUM(B16:E16) -> 1
A17: Đáp ứng bằng cấu hình | B17: =COUNTIFS('01 · Danh mục Yêu cầu'!$G:$G,"Đáp ứng bằng cấu hình",'01 · Danh mục Yêu cầu'!$F:$F,"Bắt buộc") -> 0 | C17: =COUNTIFS('01 · Danh mục Yêu cầu'!$G:$G,"Đáp ứng bằng cấu hình",'01 · Danh mục Yêu cầu'!$F:$F,"Nên có") -> 0 | D17: =COUNTIFS('01 · Danh mục Yêu cầu'!$G:$G,"Đáp ứng bằng cấu hình",'01 · Danh mục Yêu cầu'!$F:$F,"Có thì tốt") -> 0 | E17: =COUNTIFS('01 · Danh mục Yêu cầu'!$G:$G,"Đáp ứng bằng cấu hình",'01 · Danh mục Yêu cầu'!$F:$F,"Đợt sau") -> 0 | F17: =SUM(B17:E17) -> 0
A18: Cần phát triển | B18: =COUNTIFS('01 · Danh mục Yêu cầu'!$G:$G,"Cần phát triển",'01 · Danh mục Yêu cầu'!$F:$F,"Bắt buộc") -> 1 | C18: =COUNTIFS('01 · Danh mục Yêu cầu'!$G:$G,"Cần phát triển",'01 · Danh mục Yêu cầu'!$F:$F,"Nên có") -> 1 | D18: =COUNTIFS('01 · Danh mục Yêu cầu'!$G:$G,"Cần phát triển",'01 · Danh mục Yêu cầu'!$F:$F,"Có thì tốt") -> 0 | E18: =COUNTIFS('01 · Danh mục Yêu cầu'!$G:$G,"Cần phát triển",'01 · Danh mục Yêu cầu'!$F:$F,"Đợt sau") -> 0 | F18: =SUM(B18:E18) -> 2
A19: Ngoài phạm vi đợt này | B19: =COUNTIFS('01 · Danh mục Yêu cầu'!$G:$G,"Ngoài phạm vi đợt này",'01 · Danh mục Yêu cầu'!$F:$F,"Bắt buộc") -> 0 | C19: =COUNTIFS('01 · Danh mục Yêu cầu'!$G:$G,"Ngoài phạm vi đợt này",'01 · Danh mục Yêu cầu'!$F:$F,"Nên có") -> 0 | D19: =COUNTIFS('01 · Danh mục Yêu cầu'!$G:$G,"Ngoài phạm vi đợt này",'01 · Danh mục Yêu cầu'!$F:$F,"Có thì tốt") -> 0 | E19: =COUNTIFS('01 · Danh mục Yêu cầu'!$G:$G,"Ngoài phạm vi đợt này",'01 · Danh mục Yêu cầu'!$F:$F,"Đợt sau") -> 0 | F19: =SUM(B19:E19) -> 0
A21: Điểm cần chú ý: ô giao giữa “Bắt buộc” và “Cần phát triển” là phần quyết định nguồn lực của đợt triển khai.
A23: Kết luận của Quý vị | B23: Số yêu cầu
A24: Đồng ý | B24: =COUNTIF('01 · Danh mục Yêu cầu'!$J:$J,"Đồng ý") -> 0
A25: Cần trao đổi | B25: =COUNTIF('01 · Danh mục Yêu cầu'!$J:$J,"Cần trao đổi") -> 0
A26: Không đồng ý | B26: =COUNTIF('01 · Danh mục Yêu cầu'!$J:$J,"Không đồng ý") -> 0
A27: Bỏ khỏi phạm vi | B27: =COUNTIF('01 · Danh mục Yêu cầu'!$J:$J,"Bỏ khỏi phạm vi") -> 0

Sheet 03 · Khoảng trống
A1: Mã | B1: Yêu cầu | C1: Mức đáp ứng | D1: Khoảng trống | E1: Phương án đề xuất | F1: Ý kiến của Quý vị
A2: BR-L-03 | B2: Đăng nhập một lần bằng tài khoản tổ chức | C2: Sẵn sàng — cần kích hoạt | D2: Cần tổ chức cấp môi trường định danh và quyền đăng ký ứng dụng.
A3: BR-H-02 | B3: Lấy số liệu tự động từ phần mềm kế toán | C3: Cần phát triển | D3: Cần viết kết nối riêng cho phần mềm kế toán; phụ thuộc việc hệ nguồn có mở giao diện kết nối hay không.
A4: BR-J-03 | B4: Xuất báo cáo trình hội đồng | C4: Cần phát triển | D4: Bản hiện tại xem trên màn hình; xuất theo mẫu riêng cần phát triển.

Sheet 04 · Kiến trúc Tác vụ
A1: KIẾN TRÚC TÁC VỤ — đầu vào cho Từ điển Tác vụ
A2: Bảng này là đầu vào để dựng Từ điển Tác vụ. Mỗi tác vụ phải gắn một mã chỉ số; tác vụ chưa gắn chỉ số sẽ không được đưa vào sử dụng.
A3: Mỗi tác vụ phải gắn một mã chỉ số. Tác vụ chưa gắn chỉ số sẽ không được đưa vào sử dụng — đây là ràng buộc có chủ đích để kết quả đánh giá luôn giải thích được bằng công việc có thật.
A5: Phòng / Bộ phận | B5: Nhóm tác vụ | C5: Tên tác vụ | D5: Người chịu trách nhiệm | E5: Đầu ra | F5: Mã chỉ số (KPI) | G5: Tần suất | H5: Trạng thái
A6: Tuyển sinh | B6: Tiếp nhận hồ sơ | C6: Kiểm tra tính đầy đủ của hồ sơ | D6: Chuyên viên tuyển sinh | E6: Hồ sơ hợp lệ đã phân loại | F6: KPI-TS-01 | G6: Hằng ngày | H6: Đề xuất
A7: Tuyển sinh | B7: Chăm sóc ứng viên | C7: Gọi lại ứng viên tiềm năng trong 24 giờ | D7: Chuyên viên tuyển sinh | E7: Nhật ký liên hệ | F7: KPI-TS-04 | G7: Hằng ngày | H7: Đề xuất
A8: Tài chính | B8: Đối chiếu công nợ | C8: Đối chiếu số thu học phí cuối tháng | D8: Kế toán công nợ | E8: Biên bản đối chiếu | F8: KPI-TC-02 | G8: Hằng tháng | H8: Đề xuất

Sheet 05 · Hệ nguồn dữ liệu
A1: Hệ nguồn | B1: Chủ sở hữu (chức danh) | C1: Dữ liệu cần lấy | D1: Có kết nối? | E1: Tần suất mong muốn | F1: Phương án dự phòng | G1: Xác nhận của Quý vị
A2: Phần mềm kế toán | B2: Trưởng phòng Tài chính | C2: Doanh thu, chi phí theo đơn vị | D2: Chưa rõ | E2: Hằng ngày | F2: Tệp CSV định kỳ
A3: Phần mềm nhân sự | B3: Trưởng phòng Nhân sự | C3: Danh sách nhân sự, chức danh, phòng ban | D3: Có | E3: Hằng ngày | F3: Tệp CSV

Sheet 06 · Câu hỏi mở
A1: # | B1: Câu hỏi | C1: Người trả lời | D1: Hạn | E1: Chặn yêu cầu | F1: TRẢ LỜI CỦA QUÝ VỊ
A2: 1 | B2: Công thức quy đổi từ điểm đánh giá sang thưởng hiện hành là gì? | C2: Trưởng phòng Nhân sự | D2: Trong 1 tuần | E2: BR-F-05
A3: 2 | B3: Người được đánh giá có được xem điểm trước khi kết quả chốt cuối cùng không? | C3: Giám đốc Nhân sự | D3: Trong 1 tuần | E3: BR-D-04
